ID,email,password,handle
1,bwoodwin0@altervista.org,L2afQu,mbatisse0
2,bmessenbird1@archive.org,5iNaj6p154qI,ubleakley1
3,bsmoote2@theglobeandmail.com,AN7plrQAMOd,dadshad2
4,mkillik3@hatena.ne.jp,Sx21dh5tE,ghoundesome3
5,breiners4@who.int,Z6iRTBpQGQHH,hclaypole4
6,mbernardin5@cyberchimps.com,0mKPMy6Jwe,clehrian5
7,stomovic6@prnewswire.com,TkBkQFO,nworton6
8,cwardle7@dmoz.org,f4KOGB0,mmartygin7
9,flascelles8@cornell.edu,xfmDYKGG6,pcecil8
10,speppard9@surveymonkey.com,szNWrwT,abousquet9
11,ecastertona@dot.gov,chIt1IPvrAp,ibaroca
12,pcasebourneb@virginia.edu,YyjlEr4IPTc,vteagueb
13,pabsolomc@purevolume.com,jez3ZY8t9NXQ,alupartic
14,tmockfordd@surveymonkey.com,LjmOz6w4,hwolstencroftd
15,mrenfreee@newyorker.com,XyCWoh,agracee
16,jgonetf@fastcompany.com,2RejNiYe,jspataf
17,rcuffling@pagesperso-orange.fr,1cdVJmG8f46,lodgerg
18,gridehalghh@angelfire.com,42JHVxhrs,afausseth
19,ssillicki@jalbum.net,QDubkp1YVDgu,wbeneri
20,pphettisj@cargocollective.com,28PKErjI,ckellandj
21,mwreyk@example.com,EMK9BHnvrZ,hhitzkek
22,mlemmel@a8.net,hy3LUgu62S,grudigerl
23,mmormanm@springer.com,kXG3dNwm,noscanlonm
24,wleconten@de.vu,NSNFk17L7k,aevansonn
25,dhatherillo@shareasale.com,JcDkZzh,acoilo
26,mticicp@freewebs.com,0AEKKtdPl,csealyp
27,rmcclarenceq@ebay.co.uk,VNXt4c97,kmcateerq
28,lclowneyr@chronoengine.com,hhx18JMN,awakeleyr
29,cprotheros@booking.com,2F0ih7qLS,gsessionss
30,qsommerscalest@weather.com,nnRon2,tsandallt
31,shackworthu@woothemes.com,SYB1uQX,mewbanksu
32,jbofieldv@npr.org,DD1hRuV,csinniev
33,sprisleyw@delicious.com,QyUjiT,dcahalinw
34,ckohnertx@jugem.jp,6qlCytGmsZaj,sadamex
35,edunsmuiry@google.com.br,etCublATz7,icalderony
36,hkimmittz@vk.com,wcEPqF,gdermottz
37,lsherer10@mayoclinic.com,CfRYgQo3yhrk,bhinstock10
38,jcaplis11@people.com.cn,cQND6v,spuleston11
39,ccosson12@bbb.org,oK6L9WeoU53,jdealey12
40,wrown13@webmd.com,t6vBNK3rE,rmccague13
41,bwyld14@yellowbook.com,KEByQQDTqG2z,lagiolfinger14
42,asigfrid15@people.com.cn,Zb6dgUe,cmulqueeny15
43,vace16@cmu.edu,MlMyi6DIP6xg,xgoodricke16
44,mlindsell17@theglobeandmail.com,Ws6fCEcE,twalewski17
45,dbrigginshaw18@homestead.com,rf2gF548,jcroke18
46,lpohling19@jigsy.com,hFgcHVqVBsDP,starplee19
47,mlarkins1a@dailymail.co.uk,XYPFHnlTHzyE,jrivalland1a
48,valoshechkin1b@marketwatch.com,nPTJtVVowOcz,ztabbernor1b
49,tkerrane1c@slideshare.net,89Ryxcr,aepsly1c
50,deyton1d@mapquest.com,PX3RgWkO5qb,vdrake1d
51,dventum1e@amazon.de,b949K9gH3HbJ,aodonnelly1e
52,bketton1f@webs.com,0Iau6xhNt3LU,cchaffen1f
53,adeppen1g@geocities.com,XVpzATfPV,lmccarney1g
54,ataffurelli1h@tinyurl.com,L5uqwcP,kdemead1h
55,kmartinets1i@wikimedia.org,pCmGZfjDRb4,scotterell1i
56,gtrayhorn1j@state.gov,ku4ROM0g,jcutchey1j
57,ehollibone1k@guardian.co.uk,lyLU59D5O,mcordel1k
58,challiburton1l@blogs.com,wl9xoj,rnanni1l
59,tconrard1m@1und1.de,AksMIEaQ,dridett1m
60,amostyn1n@theatlantic.com,xBYglmYQF,dcartmale1n
61,aguillard1o@t-online.de,U8aQFN1XKH0,cmartusewicz1o
62,kperillo1p@php.net,UGrDFSh7mVLP,efantham1p
63,obolderson1q@nps.gov,323icvIEmF,labbes1q
64,mades1r@opensource.org,nwJazEfF,fmeecher1r
65,edriffe1s@unicef.org,p32z9P,kblaise1s
66,lamis1t@wp.com,oOOzTnmvx9,bknapper1t
67,cpinwell1u@google.pl,2th25Br1,alemerchant1u
68,mzellmer1v@dedecms.com,XUZw0BYP,dzanazzi1v
69,oszymonowicz1w@narod.ru,w5nJP29,ilanda1w
70,nstonehouse1x@moonfruit.com,o7QnDE3g,mohdirscoll1x
71,tyardley1y@japanpost.jp,9mjfjnKkIG,gkneebone1y
72,stuplin1z@digg.com,LnwcJOlX,wcocklin1z
73,jcrosse20@cargocollective.com,kzwRACUL,hlegate20
74,vpavey21@ca.gov,kTIbcrBQ,bgrigsby21
75,vmathes22@yellowpages.com,S6qDB80BH,slorraway22
76,mmayoral23@indiegogo.com,ZcxR9Hbf,rsherwood23
77,kmangion24@oaic.gov.au,7kTonhh,hseeds24
78,atunno25@ycombinator.com,SXQkrHvxmhP,ctarplee25
79,msiddons26@sciencedirect.com,yEss28rMJ,acarles26
80,bjull27@blogtalkradio.com,9tWUwAQrm,ccorbyn27
81,cpalek28@smugmug.com,6xySE9w7V,nlenoire28
82,hcorkan29@dion.ne.jp,wie42QPmt,rcavilla29
83,ekebbell2a@delicious.com,ytEOr0Lv13,kbrash2a
84,mvitler2b@php.net,g0vJDiVC2VWN,bmussington2b
85,hashborne2c@phpbb.com,yHyoPdz,idabel2c
86,cblinerman2d@fema.gov,spayXUD0tja,agorghetto2d
87,zcrowden2e@sina.com.cn,HlrnltJ,rminchi2e
88,rhaugh2f@1688.com,hJDqpjcLWjJ,cgosson2f
89,kpottery2g@msn.com,rmcSQ5pH5,dellul2g
90,hnutley2h@accuweather.com,gmWguEcyi,gcoram2h
91,kgrent2i@macromedia.com,DXZ8FGyo,brobker2i
92,senric2j@walmart.com,wEMbhVRE,csedman2j
93,ahensmans2k@sbwire.com,L32T7TOw,pcomber2k
94,tmaffetti2l@stumbleupon.com,QRqbO2CVw,kmeade2l
95,cluigi2m@whitehouse.gov,qsLHk5,fdyott2m
96,pmelville2n@abc.net.au,rp6d6yyf9Sv,ctackes2n
97,egreville2o@mit.edu,XKWULv8l,sbeau2o
98,bmateescu2p@imageshack.us,V7ypFSrHm,jbonnesen2p
99,akobera2q@theguardian.com,XTiWbBko,ssponer2q
100,azellick2r@intel.com,h8EQAClN8LvR,wworgan2r
101,lpetrov2s@fda.gov,S18realr7FK8,bsoutter2s
102,dlorryman2t@abc.net.au,KAQcD6FM8,rsnel2t
103,adominguez2u@wikispaces.com,KCZ6RpW,liiannone2u
104,cbrannan2v@sun.com,CLMGc0KO9X,abang2v
105,dmeijer2w@scribd.com,G4Yuqv,jfrigout2w
106,afardy2x@tmall.com,n3NpDdSp26T,msabbin2x
107,ewatterson2y@sfgate.com,NknZp5,soxford2y
108,kilett2z@gravatar.com,5KWKw26s,smenci2z
109,pmeaden30@hostgator.com,WSNFAlwJSoug,hstobart30
110,dkondratenya31@yandex.ru,Vk3Z08B86,ghindrich31
111,mbenez32@sohu.com,E7cIbnjb1,aweymont32
112,dginnane33@is.gd,KqmNyfdXnoR6,fcurrier33
113,kerickssen34@homestead.com,VoJ9b2rosV0,mdigman34
114,wauger35@ucla.edu,W4gYDJ9,spippin35
115,oaubert36@drupal.org,ux1C4mpqerH8,tmardee36
116,ejanuszkiewicz37@gnu.org,UvByn9W,cmcfarlan37
117,hcarvell38@dagondesign.com,wjeJubmHutMR,bbaulcombe38
118,mwillers39@google.it,tcN53mI90,apresnell39
119,wwaggatt3a@auda.org.au,frXO5asr5G,ahayland3a
120,bdowles3b@myspace.com,n37X5EZ,tmalitrott3b
121,bbodiam3c@vinaora.com,OD3Ata8w,msigge3c
122,mgarret3d@usa.gov,Kaf8IlUy4M7p,rbonder3d
123,kfarryn3e@hp.com,sWowQ7G4u,gbaudouin3e
124,lfalk3f@com.com,tiX7rpOT8S,cmadigan3f
125,mendon3g@liveinternet.ru,H0ct9Cfc0q3,nbattelle3g
126,ljestico3h@posterous.com,jeQjsN,sleftridge3h
127,dfury3i@liveinternet.ru,piEJ4if7Fbhj,vsmedmoor3i
128,oatter3j@gnu.org,vAu0pMVlL,uocurran3j
129,asegebrecht3k@themeforest.net,MTtMmc,kfolliss3k
130,hbeadle3l@youtu.be,FlZsi8,lservice3l
131,njakuszewski3m@theatlantic.com,QoGKpuh5204f,wmcquillan3m
132,wkirkpatrick3n@washingtonpost.com,L2T5paa,fmerritt3n
133,myemm3o@mozilla.org,CuewZNEayY,dallerton3o
134,akubek3p@themeforest.net,AOOK0CQPa,soades3p
135,dstruis3q@toplist.cz,kYdCDDj6s1M,llamping3q
136,gsimoneau3r@jigsy.com,8gkp48u4Zx,ewhipp3r
137,mdyneley3s@indiegogo.com,nSw8SMnbGO,cplover3s
138,dmidgely3t@chicagotribune.com,gxbzuAaW,bwolfit3t
139,mohogertie3u@yahoo.com,ntFM9s,kcleyne3u
140,cstollhofer3v@sciencedaily.com,tBqypo,kskellon3v
141,aspellsworth3w@liveinternet.ru,20paCus,jvink3w
142,tkorb3x@mtv.com,rvXSwrAAB,ghamer3x
143,hcraghead3y@a8.net,GB44Ji,emcquie3y
144,mkisting3z@boston.com,y35NoUEpol8,mkitcat3z
145,tcrusham40@mapquest.com,3AHjVVSuKh,bpriestner40
146,kschohier41@jigsy.com,Uwsc4hnLL,abeyne41
147,myegorov42@51.la,rqJLJzhr3z,mlaister42
148,pstembridge43@1688.com,EADpN2wRb,lfleming43
149,jgillhespy44@stumbleupon.com,7Fx449ZcFxO5,iperrat44
150,vlowbridge45@smh.com.au,5ghrf5,awatling45
151,ptrevon46@narod.ru,feFGKbTD9t,oroels46
152,tfreer47@1und1.de,g67JrdMVeUP,obayford47
153,mwildor48@merriam-webster.com,juBQJfluX6jh,edunham48
154,chendrickx49@webeden.co.uk,nrfZrNOtx3pq,atadd49
155,flodemann4a@typepad.com,Ut23Mj91,achadwell4a
156,ahamal4b@bluehost.com,ZXL0xvnY,wduncklee4b
157,djenson4c@guardian.co.uk,HmceOB,cheales4c
158,lleestut4d@sphinn.com,YNN0mJ0TkO,ptointon4d
159,ekellick4e@zdnet.com,bzGKvNngxlG,wobington4e
160,ajuhruke4f@tuttocitta.it,LZTgpX8G,rthreader4f
161,dvasnev4g@skype.com,MBMCfo1Hqjwv,phadaway4g
162,rledwith4h@mlb.com,B4bo2r6t7O,tdami4h
163,hgriffe4i@wunderground.com,AtIrE3uj3Y,kbyne4i
164,rcoumbe4j@rediff.com,6DouezynujMS,yallsebrook4j
165,ebroe4k@pcworld.com,nfJtVyaRLXPf,dabad4k
166,acesconi4l@purevolume.com,tk9yAuY,jrosendall4l
167,aespadater4m@howstuffworks.com,aTfSRgyb,wallcoat4m
168,rvallintine4n@mac.com,AMRe2c2q,pacors4n
169,jlipprose4o@hud.gov,JcQgml48X4oT,rconnaughton4o
170,hcarlucci4p@time.com,Y0fngcCtsZL,rcoucher4p
171,jmelliard4q@bloomberg.com,Jn64dCUB,mpollicote4q
172,tsigart4r@mozilla.org,meTmIyKajP7W,cbisseker4r
173,tvarker4s@latimes.com,0EnEGwpM,bvallow4s
174,gphillps4t@tuttocitta.it,WkTCGs12v0Wn,gmallinar4t
175,vcottrell4u@livejournal.com,zt1OAqElb,igrayshan4u
176,amurphey4v@yolasite.com,P1DCgC,shunnaball4v
177,aocodihie4w@cdc.gov,U1poeUgcaK,srankcom4w
178,khowden4x@princeton.edu,6QurCgH,shallihane4x
179,emettericke4y@stanford.edu,xZJuzztx6sH,cibarra4y
180,dcarnegie4z@yolasite.com,1RhINz8,hemilien4z
181,brabb50@reverbnation.com,ufNwgPpi8lp,sbentham50
182,edivers51@scientificamerican.com,u8RRioOgGSB,sfifield51
183,bgianelli52@mlb.com,jed0a1opV,dyearn52
184,abelone53@netscape.com,z9BFHlBiQQ,aledeker53
185,abrigman54@icq.com,4rVnDsbYWNDx,nsirr54
186,abelmont55@behance.net,hpHnk0U,jkitchener55
187,azukierman56@google.nl,WBPf4pqWw,jadriani56
188,cmcgrotty57@taobao.com,9GVUWHHXGju,lmitchall57
189,jianitti58@techcrunch.com,dknSPkc0BH,cogiany58
190,oexroll59@businessweek.com,VKjbrDXlo4,klenormand59
191,bsalvati5a@netlog.com,CJT6aX4n,pshrubshall5a
192,ccharlson5b@cbslocal.com,kDPhjb,sfausch5b
193,abirrane5c@seattletimes.com,BpwbYgr,kgoley5c
194,vkeirle5d@mozilla.com,FkEmpx,mdryden5d
195,jdooney5e@harvard.edu,L7A3xKOW9,cbletsoe5e
196,pgreed5f@wisc.edu,GCILIWfdSIVj,ddibble5f
197,coslar5g@jigsy.com,oTKDWeLaj,mdreus5g
198,ogrange5h@gov.uk,vcjueeA,cludovici5h
199,ktumpane5i@vk.com,ebMdBBU9iW5,ddayes5i
200,sjoskowicz5j@slideshare.net,LIWYrS2e,oflockhart5j
201,scrim5k@mozilla.org,87oMDbdNgM1,smullally5k
202,noleagham5l@amazon.com,iV8uINVMu,bfurzer5l
203,cmordan5m@accuweather.com,akEucq21,jdovey5m
204,crubinowicz5n@yahoo.com,KPEr866V4k,qbenazet5n
205,hblayney5o@csmonitor.com,HxegF8Gg,atriebner5o
206,ephilbin5p@theatlantic.com,KNISf1Ep1ZXX,rshilling5p
207,brougier5q@gmpg.org,0VWMB3Nnt,fvenners5q
208,saizikovitch5r@discovery.com,ApV1646v,tchampion5r
209,adelgado5s@usa.gov,G3ppvw,edunsmore5s
210,egreve5t@umn.edu,5qiZk4Tb,tklewer5t
211,hjoist5u@yale.edu,e2ugaxVAgn,fwallsworth5u
212,bjoao5v@nhs.uk,9eQfcUWT6KHg,tapril5v
213,cfields5w@tmall.com,yeNm1bcO,rragbourn5w
214,sahearne5x@marriott.com,NDQTPLYJ,fgoodinson5x
215,bdeshon5y@patch.com,nO8uPRIe,zsnowding5y
216,btossell5z@ehow.com,78Tf5erD4ri,nowers5z
217,larnaudot60@ftc.gov,gRRgnYr1O,bgieraths60
218,ccastard61@google.co.jp,DpdLQFdSx,credington61
219,rcharlson62@weather.com,cnPxKft,dstarling62
220,gshowt63@senate.gov,zQxd2ujm,tlinden63
221,amacgragh64@chron.com,rsC0zl,esprigings64
222,tvandendael65@liveinternet.ru,XKfYf27y,gdorn65
223,lgillespey66@skype.com,ojxD8y,tlintin66
224,cworral67@over-blog.com,MC8wPDy,chensmans67
225,jrollett68@illinois.edu,pZ8aCu5gIRUh,pcrum68
226,csiveyer69@spotify.com,9MsmSLUEJY,woleszcuk69
227,kpennells6a@tiny.cc,N6Kh3D30kOD,rskains6a
228,bkryska6b@usnews.com,Bzxao7qC,adjurevic6b
229,ndeleon6c@reuters.com,fGXYba3vv,mgajownik6c
230,dwormald6d@skyrock.com,zUlUts2,tbertholin6d
231,ssweed6e@ovh.net,y8zoEasOY5s,maggio6e
232,jconibeer6f@bluehost.com,EgEGmW2r,swinborn6f
233,rcrauford6g@google.com.hk,XIpsch7L2,mfishpoole6g
234,agreedy6h@archive.org,ecULKhZw,jraecroft6h
235,heynald6i@sciencedaily.com,rKdE4oKDtLl3,dshailer6i
236,lkerrod6j@tinypic.com,vldesCPLFt,nmaclucais6j
237,sharrie6k@ehow.com,iPfGJdlM,jastall6k
238,ljenk6l@issuu.com,lfghpiv9K,ygierke6l
239,mhousin6m@fc2.com,ClL5kxL0,cmcloney6m
240,nguyer6n@paginegialle.it,6TBDg5wIgxww,ehandasyde6n
241,aledger6o@nature.com,ePEreumGhf,ydorken6o
242,tmacconnulty6p@nifty.com,gz0H7K,mwinterbotham6p
243,scantor6q@boston.com,PoWQQAcR,overacruysse6q
244,spatis6r@ft.com,FqUh72wZfqFm,gkuhwald6r
245,pcrosson6s@ebay.com,fbvkA33gI,rcottesford6s
246,cesparza6t@time.com,X7NkGjJU,kshillum6t
247,iyaakov6u@businesswire.com,ByWRHoUy,jpallin6u
248,bfullerton6v@who.int,5PX7Otx0,hpenwright6v
249,mseid6w@princeton.edu,xdyuMs,dbignold6w
250,balexandersen6x@infoseek.co.jp,zsundw8xA,jtrevaskiss6x
251,creisin6y@indiatimes.com,SUSvArxE,isorton6y
252,dholme6z@cam.ac.uk,bwwPSw4Knt,joxenden6z
253,snesbitt70@fotki.com,JTBw2QERd6,rbroxis70
254,wespley71@gov.uk,WaMoMEm,ajamrowicz71
255,sliddel72@europa.eu,ImJZuNfDgXq,mknightsbridge72
256,aferries73@unblog.fr,h9MxwS,aritchings73
257,nscholig74@zdnet.com,Iwz9wgPEZe,ecalfe74
258,mjancar75@ycombinator.com,M0UAmpPf3K,sdreelan75
259,bbautiste76@go.com,w3PjAlbiz,lwinser76
260,cstanlack77@nytimes.com,AjifXLJUZ,jskippings77
261,dklaves78@clickbank.net,ySvwJO7TJ,dmcdade78
262,cyoud79@jiathis.com,FL4nn5g,flelliott79
263,gtyson7a@google.com.au,iYW8Q44,sshipley7a
264,jlaurie7b@nbcnews.com,a4803VEs,pkillshaw7b
265,klivingstone7c@army.mil,rTvYvE4,gnockolds7c
266,sharnell7d@dmoz.org,QV1OTDI,lroll7d
267,mwhittlesee7e@photobucket.com,GAJ4OIPiZ8z,nferruzzi7e
268,bjersch7f@squarespace.com,gJnv7x3nMPN,bgeekie7f
269,jcelli7g@unicef.org,WgWBGA9L,wmea7g
270,tshmyr7h@omniture.com,k4bT5ZgoF9,sathowe7h
271,afattorini7i@t-online.de,lLNt5O1,nbastide7i
272,gbelchem7j@cmu.edu,6AVqnwXGVnka,ayearns7j
273,nsmaleman7k@boston.com,SYz7FwHXI,jtalloe7k
274,bstoggles7l@flavors.me,ok4nz78NH,gbacke7l
275,csoars7m@wordpress.org,VO4WpyqphMPk,icrebo7m
276,agarrood7n@addtoany.com,6uJVRPbmFpq,bgreatland7n
277,cnouch7o@ycombinator.com,fK9IgnnyX,pkob7o
278,jdominik7p@comcast.net,JzLw93Hb,nduplantier7p
279,nmarcroft7q@sakura.ne.jp,BAH4cZk,jtwell7q
280,mwrinch7r@parallels.com,vZqcSfU3kZbq,ptedder7r
281,garnault7s@sina.com.cn,nnrUnmYRoF6i,jiacobacci7s
282,othoresby7t@uiuc.edu,4DimtCP,mphipps7t
283,bsaintsbury7u@1688.com,F6ICwVC,bfairest7u
284,spower7v@cnet.com,cY10NXuDo,cmettetal7v
285,cwhittuck7w@infoseek.co.jp,Q9lZm2avd,ahilary7w
286,awaddingham7x@ox.ac.uk,bLVgnPOf,cyanshinov7x
287,jherreran7y@amazonaws.com,V7YWqAZ,kgreger7y
288,echrippes7z@yale.edu,EARFAW3J3VW,lavrashin7z
289,kmusgrove80@1und1.de,PfwiaGiwIX9,mpriddle80
290,sdevaney81@reddit.com,K8zShkjp,wcrowther81
291,fkleen82@salon.com,fzzGIsAdkZl,rdrane82
292,ddimic83@privacy.gov.au,7ASkewV,tpiddlehinton83
293,tzmitrovich84@studiopress.com,Iygv2Rs0I,acrackel84
294,tdeignan85@ycombinator.com,O3xs9PuXD,tmoncrefe85
295,zwidmore86@hud.gov,CuumcqjBtN7,nbellward86
296,bitscowics87@oakley.com,qX1jGBsKHKPn,valelsandrowicz87
297,mhawkswell88@upenn.edu,uQpB0zaqnUG,cdumbelton88
298,amcilveen89@foxnews.com,V2d2sRHg,wcloney89
299,tmacnamee8a@hexun.com,f2y1U4gruV,epalmer8a
300,gedscer8b@1688.com,fgAZkXLSp3JE,hgarbutt8b
301,kdavisson8c@usatoday.com,sWdkbhzHT5,bminchinton8c
302,jferrand8d@cam.ac.uk,wwIdZAt5Rz,jorleton8d
303,rhuxham8e@mapy.cz,9dpHTRVo3K,rfifield8e
304,velwyn8f@arizona.edu,YcTnmPFRyct4,dlitherland8f
305,snosworthy8g@squarespace.com,Q5GkLop,hvanes8g
306,ismithin8h@columbia.edu,byoQ1kBjxRa,dfolger8h
307,cgerold8i@google.ca,5GhHXTG9,ccator8i
308,alepiscopio8j@list-manage.com,5fDtyo,rtarbox8j
309,tpickaver8k@is.gd,PZN43Xp,liddenden8k
310,jrampage8l@bravesites.com,EZO6Y1KYGCtW,ffoale8l
311,dlabitt8m@feedburner.com,pMoMlChexXMg,vbruckmann8m
312,scowill8n@smh.com.au,KL4dCn5,brenfield8n
313,lbenbrick8o@google.nl,sIqc6seQk98,hreidie8o
314,tkeatley8p@friendfeed.com,BIrQ2jxs,cgitthouse8p
315,nkuna8q@google.nl,FdmqcWKhMjzR,ffortman8q
316,sgarrattley8r@wordpress.org,k2CHVBexTWO,nkhomich8r
317,sabele8s@ucoz.ru,YxKuTvG25,lvolks8s
318,jimlin8t@discuz.net,snQmXKKVPvBF,lrowney8t
319,jlimpricht8u@nasa.gov,wPhsMrc,jjendrich8u
320,epawley8v@ning.com,lP9PhSTc,toccleshaw8v
321,mmitkcov8w@uol.com.br,JscSX2Mf,bbatsford8w
322,jlehrmann8x@squarespace.com,oVwrn75,cburgyn8x
323,aianizzi8y@theguardian.com,ALr3jbdA,dandrez8y
324,csharp8z@theglobeandmail.com,ZwJU6vug,spenwarden8z
325,cmaly90@zimbio.com,M9LYh7dfgb,gnisby90
326,mziems91@cargocollective.com,n5QGRaBclM,hthornally91
327,zgelling92@miibeian.gov.cn,ZJ4Oce1,ntytcomb92
328,clatehouse93@nsw.gov.au,q5EPcYfxMy,aditt93
329,bgages94@cmu.edu,q7fRQ2tuUKB,wutting94
330,egateshill95@economist.com,1MpWECLB,cnormand95
331,oastle96@miitbeian.gov.cn,kKNHkzwzoHv,bhartburn96
332,pmathis97@tinyurl.com,5e3rSlpvJ,ahannaway97
333,esherburn98@ucoz.ru,9Tk553GRJDDL,ceggerton98
334,ssoppit99@themeforest.net,tcyeRYKxiX3Y,ismallsman99
335,hbonnell9a@newyorker.com,4wJlBe,ericcioppo9a
336,bmeeny9b@businessinsider.com,cNZf57sCjp0u,cfellgatt9b
337,tcottrill9c@arstechnica.com,WJxJTFWrLio5,apinder9c
338,zpedrol9d@nba.com,k01z10eq,tsanham9d
339,ltuffin9e@simplemachines.org,SwaZx4,jdekeyser9e
340,mesherwood9f@java.com,sj5zuA,ldraaisma9f
341,ademitris9g@smugmug.com,jEG5z0R,gmelrose9g
342,tlindeboom9h@etsy.com,TlaKxC4iUboN,vseacombe9h
343,kenticknap9i@cbslocal.com,L04SPHd,dranstead9i
344,mbramham9j@indiatimes.com,ICGiblYEADx5,sorrocks9j
345,dedwicker9k@tamu.edu,N7UUgSi,krumble9k
346,bkennaird9l@rakuten.co.jp,BYp0vWz7Qqu,dseelbach9l
347,syeardsley9m@cbsnews.com,U9pGv9,tstickford9m
348,hscruton9n@desdev.cn,tlAQLyZ,tmaccole9n
349,npawnsford9o@slideshare.net,9Ig6BKLhcrO,fkettlesting9o
350,hjakel9p@printfriendly.com,S6uwPWUSDbHG,aschnitter9p
351,adansey9q@usgs.gov,ktfye7leCBRl,aswaine9q
352,lketts9r@theguardian.com,CcAOSpGuDt,ttaye9r
353,reasterfield9s@mac.com,xSKfKCAE,corbon9s
354,jlenox9t@squarespace.com,fV17jbo,dmaudsley9t
355,jburtwhistle9u@unc.edu,CGksyKft2j,dlavies9u
356,aswinney9v@de.vu,bCYreYugp2b,jchanning9v
357,bkendle9w@nba.com,48j8IpTpE,aingleby9w
358,kwerner9x@earthlink.net,jbzN2LdDmA,estorkes9x
359,epetrie9y@google.cn,zvYMLf2,pwithnall9y
360,ssink9z@usatoday.com,UjBazxL,mbough9z
361,rfencotta0@hostgator.com,PV761Wb,tmacgowinga0
362,hgorsta1@microsoft.com,C3PBxmE,mmcskina1
363,ashercliffa2@nydailynews.com,wT7uwnSA3,sdevitta2
364,nbellingera3@home.pl,nqFhGL8sE5,aoxbiea3
365,csmidmoora4@omniture.com,KkJ7p1hz,vstrutleya4
366,ksalandinoa5@china.com.cn,DiuAjoyCqe,alicciardoa5
367,sstocka6@1und1.de,1PZMcix3,dhazella6
368,smerrigansa7@ovh.net,BhxpmGLpJXOw,aschruyersa7
369,crousella8@ebay.co.uk,DL9HjY,hfawdriea8
370,ibriscowa9@lulu.com,FTu0ONPj,bioannidisa9
371,ddanburyaa@ucsd.edu,1omdNvtp,bgladdishaa
372,gmacconachyab@ask.com,b5vgF6,bbrydonab
373,mattleeac@unc.edu,80JUvuqnzd0,jcorthesac
374,ebavesterad@prnewswire.com,r7lh7uqi4D,srokead
375,kpalleae@wikispaces.com,xPOWbMl,aolletae
376,dveltmannaf@privacy.gov.au,Jf94t4,styreraf
377,jbonneyag@myspace.com,p9wWIVVp326O,hgandersag
378,mmorganah@independent.co.uk,X9BK6cAgjK,emalkieah
379,hmcglaudai@about.me,PNrorRhzaF,kdavetai
380,skuhnwaldaj@shinystat.com,vLdWsXyE,twiggingtonaj
381,ddargueak@arizona.edu,PTOIps,clambirthak
382,zgreenhoughal@ca.gov,kgtIcXA,gfitzjohnal
383,jmahmoodam@sourceforge.net,vKBbmLKvTYA7,mmordantiam
384,cgosalvezan@usnews.com,LrHAFHAI,nanfonsian
385,pdrissellao@biblegateway.com,Zh8L5wpQ,gstanningao
386,retoileap@netlog.com,44j8j8QkV6,bbottonerap
387,adegoeyaq@slideshare.net,KW8irxYY7Pw,bpenberthyaq
388,nbischopar@ox.ac.uk,SBWfOz,alipscombear
389,wlembrickas@icio.us,ZOz3bUxE,ghugeninas
390,rchuggat@salon.com,VHkLB8WkO,mharrildat
391,yworsallau@examiner.com,PjGNKeJFg,qkonertzau
392,mfraginoav@columbia.edu,hT7kdJi,vbrewertonav
393,fraubenheimeraw@upenn.edu,YWdxk3wPiOc,ecarwithanaw
394,wblaisdellax@sourceforge.net,2v1WMlHE0A,mrheamax
395,divonsay@bravesites.com,it9P9uAwH,cyarwooday
396,nsonleyaz@nhs.uk,ZgLXwWl,rosgorbyaz
397,hwildinb0@discovery.com,DDPqcvO,aascrofteb0
398,hdeasb1@disqus.com,tFFNV5aAdw,rmapledoramb1
399,dchesterb2@drupal.org,Hv7hOIgTgSWX,sterramb2
400,iquigleyb3@creativecommons.org,iABf2P5cH78S,lmoncreifb3
401,kphilipsb4@independent.co.uk,KsTsuqnP9o,abummfreyb4
402,ahandyb5@virginia.edu,EgZbGmqR0,twanklingb5
403,jgallihawkb6@netscape.com,B8MZLvTCD,balelsandrowiczb6
404,tjayeb7@pbs.org,DIS6YIz,nfibbitb7
405,sgrabertb8@fotki.com,Cjsb0N7Mof,cklulikb8
406,ptwitchingsb9@altervista.org,hyghyGBZs,gloveb9
407,jcejkaba@scientificamerican.com,iryeqp,tvineba
408,ddeethbb@comsenz.com,90NXMc,prozecbb
409,sbillingsleybc@nymag.com,JTcmAqw5e,kdurbinbc
410,vtomlettbd@indiatimes.com,NWylWJfY5u,cstuchburybd
411,coldroydebe@merriam-webster.com,QS0cVokTYI,khabershonbe
412,ckropbf@dell.com,FvRA1vP1Em,lmuellerbf
413,oguisobg@bizjournals.com,NW6ugeZl,rciobutarobg
414,belverstonbh@patch.com,2kSfGphPQVX,crickhussbh
415,tebournebi@mozilla.com,mJTTtotvSH,showsinbi
416,cmcmennumbj@rediff.com,Cda6k6fgp,ckinnerkbj
417,sdeussbk@webs.com,bLFIDRmhU,pchaineybk
418,dewellbl@so-net.ne.jp,oSOyiBAzKp,trandlesbl
419,rmorrillbm@tripadvisor.com,A5GfkC4bi,aketchellbm
420,ccopynbn@pcworld.com,Cu3b34,swesgatebn
421,kvettorebo@cdbaby.com,WW9TvH,ewarrenbo
422,jkainebp@chicagotribune.com,eXItk6j,scrudgebp
423,bduffynbq@webmd.com,hXAaOr,cbolmannbq
424,kshaddockbr@nsw.gov.au,8YjpjIc1hqi,gfitzsimonbr
425,dritterbs@taobao.com,518AX041sIV,owooderbs
426,cbearwardbt@smh.com.au,MVCa1da9LWA,jcreykebt
427,mvirginbu@ezinearticles.com,ASQ1Q5jx,gdartonbu
428,tbrandelbv@cyberchimps.com,sdEBJUjWd9V,nwayebv
429,itowardbw@cam.ac.uk,0tCXhCMXSI0H,rlevenebw
430,ddayerbx@skype.com,lUtohN,kmaydwellbx
431,gboweringby@dmoz.org,Os6v6pAnNR2d,vbuzzaby
432,ctourniebz@gov.uk,ZwvaQCogb,mserraillierbz
433,nhillyattc0@stanford.edu,5Ngq9IVQ0,saddionisioc0
434,glabelc1@furl.net,qERd8w,sscandrickc1
435,tmeakec2@cbsnews.com,z5T3DYEKFv,rambrosolic2
436,rcardilloc3@comcast.net,TosO0mWkDf,abaudonec3
437,bbagec4@msu.edu,iOhjS6mqna,nzanassic4
438,rsoutarc5@patch.com,Of0FeWH,jstertec5
439,reichmannc6@stanford.edu,5ZCfaDqE,sgrishaevc6
440,rbrittenc7@nyu.edu,wnPk08j,dwitsonc7
441,dcauncec8@booking.com,muGlYnOQBz,acarlec8
442,bmoulandc9@tinypic.com,Wfqmz0Abcu,cnorburyc9
443,pkinnearca@nifty.com,qH4OoZbJCT,dmayhoca
444,iphoenixcb@webnode.com,LY9YKpMJpw,rdelbouxcb
445,alomanseycc@feedburner.com,gP9NA5PsSe,vwellandcc
446,llovejoycd@elegantthemes.com,NOxNcIIRi,awardingleycd
447,lusmarce@domainmarket.com,FSmBtp8L,obrycesonce
448,mmiltoncf@exblog.jp,FPT3LC,shindmorecf
449,abritchcg@state.tx.us,JnqjWhZCO,cratazzicg
450,fgaltonch@drupal.org,OgQRSZiYjZ25,crichemondch
451,sjephcoteci@hugedomains.com,xI2fmBENLRXH,ctizzardci
452,lbattyecj@gov.uk,YQWTH0,cbrumfittcj
453,gbulteelck@baidu.com,a7l5iLrMk,sfowlstonck
454,mcherrymancl@etsy.com,tv7FXhP,cbrombycl
455,rmoncurcm@dagondesign.com,s4nlsG4a7r,bsteensoncm
456,dowensoncn@wunderground.com,xuZpXgd6HI,krooksbycn
457,mashbornco@163.com,VNUDTO,skinahanco
458,sroelvinkcp@blogs.com,TmvyFUY9,vanfussocp
459,berrichiellocq@flavors.me,rT8MpQ3IVj,agouldiecq
460,igirogetticr@google.cn,GMZ1MJ,ddivinacr
461,edyhousecs@telegraph.co.uk,zWzTeETfrjJj,alampkecs
462,hgewerct@xinhuanet.com,MEOYGA6eC9L0,rabramowitzct
463,hgaymarcu@yelp.com,e8GHnh,rstoacleycu
464,mcuddoncv@washingtonpost.com,cGSZewqhDm,jmcalindoncv
465,lleppocw@taobao.com,UhvzeIanVjg,gmcdonoughcw
466,adanilovichcx@woothemes.com,Uku89qpZ,eparmancx
467,omountneycy@linkedin.com,n376SabEV,cmcswancy
468,cliddoncz@freewebs.com,moBHkqe,bkimmincecz
469,amattiatod0@chron.com,QbuqMVtEPvy,bmohringd0
470,sdrand1@biblegateway.com,X3px7b,bderrettd1
471,ojillinsd2@lulu.com,F0bS1E376GxE,btwopennyd2
472,ttownsendd3@g.co,PeF1Xpj,bcelled3
473,rgoffed4@spiegel.de,P1yGmw,jcalleyd4
474,akarlowiczd5@indiegogo.com,3Yupj9iZig,neustanchd5
475,msparrowhawkd6@princeton.edu,EjIaewcdDUu,tsibberingd6
476,ksobeyd7@ifeng.com,CAE9oC,cpennd7
477,mgristd8@mail.ru,nw1dW2JU6,zchattend8
478,edavied9@zdnet.com,XNRmWVCmv7z,rspykingsd9
479,edockreayda@mozilla.org,Tk9FZYE3lY,rrebanksda
480,qmcquarriedb@amazon.com,y0S2TCWb,eadcocksdb
481,mhazledc@163.com,cyuOmG8h3aub,lmacwhirterdc
482,lyeldingdd@dailymotion.com,Vi2rnPfULDeH,cclaricoatsdd
483,lengleyde@uiuc.edu,S1bsF4,ressamede
484,bhavelinedf@ftc.gov,c3OjGo9RJvmV,gpenberthydf
485,jainsleedg@ezinearticles.com,yOgzETzV,nhawardendg
486,cofarrisdh@youku.com,hO6hEacQ,dpydcockdh
487,wwoofdi@si.edu,oxKA42,klagnedi
488,dwysondj@indiegogo.com,sDEuoL9t,bshirrelldj
489,cmcevoydk@jimdo.com,6Ixr8f,seslanddk
490,nwittendl@mysql.com,y93fH5hRw6,mkleinsmuntzdl
491,ascapelhorndm@howstuffworks.com,0xXURkLbnD2L,pastdm
492,pcauserdn@bandcamp.com,aHKqNQSo,cespadadn
493,cslydo@youtube.com,Uq5iA5,dfaersdo
494,nkenninghandp@skyrock.com,R6gNT72,kverlindedp
495,nmurrigandq@eventbrite.com,SlzPssDb,cmccurrydq
496,fhartzogsdr@theglobeandmail.com,moVXtty7,hlosseljongdr
497,ichaceds@xrea.com,Df253Zt,mjeckellsds
498,bjudkindt@bloglovin.com,mupJJ0mRt,lnighdt
499,cosannedu@zimbio.com,DxTa6V,hwernydu
500,lkobudv@loc.gov,ZbaOYN1cGXiX,lmacgarveydv
501,cwhymarkdw@tuttocitta.it,B576PPD59,dgerardotdw
502,golwendx@hp.com,0K50dKja,aspauntondx
503,mcundedy@gizmodo.com,EHDNiocG,talflatdy
504,mdelhantydz@freewebs.com,LE75jiTTkD,crustdz
505,aaldene0@histats.com,ZYRGMV6,tillingworthe0
506,oewensone1@t.co,jhSHfGnRS,rmcgawe1
507,mblodge2@reverbnation.com,gUR6YrA6ULa,agullanee2
508,lgatfielde3@liveinternet.ru,FnkzBg9,klowseleye3
509,gsandelande4@huffingtonpost.com,YrUX77DIBPhd,jtaborde4
510,lquine5@cdbaby.com,sSX42JvB8I1c,amcguffe5
511,cnollie6@hao123.com,9kSu5tvkgp,ehealease6
512,nwinspere7@odnoklassniki.ru,l3FCDtlfTvD,vsothame7
513,zjouene8@google.de,7ExbCtpF0dt,rboodelle8
514,rpethere9@slashdot.org,Vwtyanmc,wwoodyere9
515,vbisphamea@ycombinator.com,TR478Lq,rcriellyea
516,ebanateb@mit.edu,vm7lqre,bpottleeb
517,agumleyec@arizona.edu,VL9fjYAnfGj,kmarklec
518,lcableed@csmonitor.com,SagGDN,smcskeaganed
519,wharkee@linkedin.com,b8uYqa,vmooreee
520,tbatisseef@blogspot.com,qK1zBpXxYVKY,nwalcotef
521,dhancoxeg@ox.ac.uk,bTStCjHr5si,nlefrieceg
522,dluckcockeh@umich.edu,9yfViOu,zshirdeh
523,ddiproseei@jugem.jp,u3FT5Ct,gyoutheadei
524,ppeizerej@gravatar.com,H95LFQjAFGrt,anusseyej
525,lferieek@a8.net,X6pEFa,wterbrugek
526,chadyeel@about.com,yxjTKzvsAi,kgostickel
527,rlintonem@narod.ru,hnK8UJMIV,cbriteeem
528,akitchinen@zdnet.com,CFnGPdpgZdJ,jclampeen
529,jrosenbloomeo@ow.ly,VwJ4I66LiUc,padamthwaiteeo
530,rhullyerep@dedecms.com,O8XEogWgS,rturlandep
531,kjewkseq@ed.gov,YZ4QJ18Kllo,ghadlandeq
532,tegentaner@unblog.fr,biX2ydVP7X4v,tellcocker
533,apavelkaes@behance.net,eYtwtiP,sbattaillees
534,gleckyet@topsy.com,9nhemtx,gmcsheeet
535,djeyneseu@desdev.cn,4YifjiIsnrz,ufeldeu
536,bkondratenyaev@sfgate.com,sovXuyf,emushettev
537,nfrearsonew@bizjournals.com,kJ11UkMM,dkalischew
538,aneaversonex@amazon.de,KJiUxYalrfh,fruossex
539,ecroserey@wordpress.com,zhFKvJKln,rgleaveey
540,tcalderez@npr.org,EyRt8l96iTB,lphoenixez
541,nsimisonf0@buzzfeed.com,FKnKH0He74,ahakkingf0
542,asimnelf1@desdev.cn,wJ3ZYon,nfarof1
543,ndeaconsonf2@diigo.com,VLYa2kzC,fgarfathf2
544,dslanyf3@cargocollective.com,gy8FuGfSOZ,casquithf3
545,tmedforthf4@reverbnation.com,A9TE9cFbm,kmonumentf4
546,gfassumf5@smh.com.au,d8JJwP9wafB2,rbehrf5
547,nebbensf6@chron.com,twlPiKk1,abrandtf6
548,maberhartf7@noaa.gov,J57ioZu3ax3,fsifletf7
549,ntrekerf8@addthis.com,glqw35a2,ccleallf8
550,fcrampseyf9@tinyurl.com,Fv1gXVYibJ,bdillowf9
551,jhenriefa@a8.net,vztyrAjj,kcellerfa
552,mbouldsfb@4shared.com,KyrezB8Bwl,ddillintonfb
553,leisoldfc@artisteer.com,nTX1aBg79,hcrowdacefc
554,cjuanesfd@prweb.com,1uf0mMOyV9o0,ftomasicchiofd
555,rclohiseyfe@ox.ac.uk,T2R4tVorOc,cjancafe
556,mpretselff@cloudflare.com,zWbz49O,sbrevetorff
557,gkelshawfg@privacy.gov.au,BOR3rAfZ,afevierfg
558,flouisotfh@samsung.com,EM7KlKpVpHP,mmorenofh
559,cmapledoramfi@hexun.com,TpAqiwZm,gstealeyfi
560,fbatiefj@dmoz.org,cKKEu5ct8,jderbyshirefj
561,ftorrecillafk@hostgator.com,sPafmnajhIO,msummerscalesfk
562,jbantingfl@feedburner.com,9SyyzqqTVhex,jdonisofl
563,wviviansfm@google.com.hk,8N6wsVLDn,rgrichukhinfm
564,rrykertfn@addtoany.com,o0J7nZHHO,lbatterbeefn
565,aorpinfo@scribd.com,IaXUQtwnn,cfarmerfo
566,gdizliefp@ed.gov,VDJ8IBG0,fcoursorfp
567,hmcquillinfq@noaa.gov,GbpkFENU8,sgianottifq
568,loliverasfr@feedburner.com,30tCg9dAj,sdyerfr
569,bmartignonfs@sohu.com,tG3hgAgUIYT0,ksalazarfs
570,kniccollsft@tumblr.com,OjhAYkAEe,gcoulstonft
571,salbrightonfu@google.cn,ybswtTlL,atawfu
572,cpettipherfv@reuters.com,jaQjenSpG,mgolbyfv
573,swillmentfw@nature.com,uKxL9sPA6r,acavellfw
574,pvongrollmannfx@sohu.com,R3hE6fwsyS4,sbonnettefx
575,rstraussfy@dailymotion.com,26Mq1d0G,bginglellfy
576,dpowleyfz@jugem.jp,BC0YCMWt,lcahalanfz
577,tbaseggiog0@deviantart.com,KbKkIlMABKN,jostg0
578,vtonryg1@wisc.edu,OXR0fJw,madacotg1
579,klowdyaneg2@auda.org.au,Sf3CB4BpR,lgerblg2
580,ckaleweg3@nymag.com,6powoyLKnU,htwinningg3
581,lratcliffeg4@lulu.com,51GaYLT7Vbm,ktollemacheg4
582,jhorderg5@senate.gov,zIr65T,jolcotg5
583,amackling6@hibu.com,HhFYXHsjtm,athackstong6
584,cpetranekg7@pinterest.com,5ZD2zhhTz4C,ljecksg7
585,lgiamog8@time.com,0ojQYhU,smarieg8
586,hsmaileg9@chicagotribune.com,0Tuzl6RGYwBJ,nreedersg9
587,whargeyga@slashdot.org,qPiRj5G,rkemellga
588,jrousegb@google.pl,yTxfwPK3Em,rbernardottigb
589,mberthegc@marriott.com,mXpntC,slarosegc
590,sdevingd@washingtonpost.com,ay9l5X,philarygd
591,blindholmge@taobao.com,FOIgro,ccamusge
592,lcollivergf@hubpages.com,cXgh8VF,bdidomenicogf
593,mwisdishgg@usgs.gov,tsRaqBCAdT,aoconcannongg
594,helnorgh@ocn.ne.jp,Df0yrUrEzU,gdecortgh
595,htomekgi@mapy.cz,gDagQo,cwittmangi
596,dboylesgj@eepurl.com,5ZEOl4dj9,jbolsovergj
597,dworhamgk@dell.com,YpJ6GmglgO,lcorringtongk
598,fhaggusgl@youku.com,aad4wbqmCDDL,sduffyngl
599,nodriscolegm@w3.org,11gCBnj,nreevesgm
600,clivardgn@google.com.br,o8NmMwx,nlabbatign
601,hgoskergo@dagondesign.com,ooc7cOM,lkillinergo
602,skopecgp@slate.com,9idb694,dgodmangp
603,eeveristgq@ucsd.edu,Gy8sAFkCI5kq,mgianninottigq
604,acrossegr@timesonline.co.uk,SwA2K8Z1,tdimitrievgr
605,otouseygs@newyorker.com,Rmlwzj,nbilesgs
606,ebonallackgt@ning.com,i2jdBFQ,dmccuisgt
607,uhecksgu@omniture.com,mtuudov9pbc,aadamowitzgu
608,gdelicategv@jimdo.com,dVhZUBzIEG,smccaskellgv
609,mducarelgw@si.edu,AGwoNyP2,jdeletegw
610,ncrookgx@privacy.gov.au,ZVdVUlnyiI,mluisettigx
611,astaregy@comcast.net,9xMTsyx7Bik,htoffanogy
612,nhedgemangz@craigslist.org,6ayBGm,bquingz
613,vgildersleeveh0@tiny.cc,8SZw9l,mbleakleyh0
614,kpollendineh1@nsw.gov.au,gBbiRmITA,useldnerh1
615,sbenzh2@quantcast.com,8ekFbj,dmctrustieh2
616,lgolleyh3@altervista.org,hTNSbPd0j,aeareyh3
617,smintofth4@squidoo.com,JhdJa7br,memmisonh4
618,telkinsh5@wiley.com,bgTnYmOG,cfortunh5
619,lreyesh6@abc.net.au,igSocGmU,dmartynikhinh6
620,dgordonh7@ebay.co.uk,ICj1g4,cjeggoh7
621,preveningh8@msn.com,HRDy4WYU,ksutterh8
622,bmalleyh9@census.gov,rzYrbtXU,tyakubovh9
623,awitheringtonha@weebly.com,dJ1yBcdZH,aeshelbyha
624,zrydinghb@wsj.com,Yp6FJOC4SbW,kbentohb
625,cverdyhc@163.com,nX9o3XN0X,hstuchburiehc
626,rivshinhd@baidu.com,gPaxDqK8rdX,uferraronhd
627,fbinerhe@cpanel.net,DikMQ5,cfligghe
628,apankethmanhf@nbcnews.com,mNonqqmp,wdisleyhf
629,wodoughertyhg@oaic.gov.au,fNrpvjH4OXO,rallibandhg
630,rketcherhh@yale.edu,CT5NGpVSzx,jayrishh
631,clinkiehi@house.gov,eQGw7t3femCR,dgaskallhi
632,larsnellhj@auda.org.au,XdBCyQjF1YG,hmclagganhj
633,miskovhk@irs.gov,skhwBks,cgorbellhk
634,ftolworthhl@reddit.com,uqj55c,sdommerquehl
635,cfitzgeraldhm@t.co,MoWToJ,ggiroldihm
636,woffenerhn@cnet.com,O5sR9eE1bd,lcrowhn
637,sgoriho@twitter.com,3Tbv5lMU,jbernardotteho
638,apocketthp@disqus.com,fkTfQzmwdis,yboydlehp
639,ngalliardhq@woothemes.com,RhU0YEaN,jkempehq
640,jredbournhr@tinypic.com,Vs1lQW,spresshr
641,lcraykehs@wikimedia.org,JBRE6hd,csurmeyershs
642,cbernardelliht@tiny.cc,gZrxxHr,lardyht
643,pgwillymhu@google.es,P5ryNi,ssellwoodhu
644,acliffhv@last.fm,P5KjOuo4,gvincenthv
645,sugonihw@dmoz.org,Fdb1vgDFYZh,fchazierhw
646,ldanelethx@cnet.com,mHGkzCcRZ,amchardyhx
647,bspitellhy@google.cn,uHsYhkia8mc,gpaprotnyhy
648,ndyblehz@nbcnews.com,ORLrIveZ9D,chunthz
649,ttreharnei0@example.com,SkPTUWCSRoQE,kwathani0
650,ibrazi1@quantcast.com,zwPqW3SaN1ga,rsieberti1
651,kdoughtoni2@hubpages.com,BnO4pGFsk7,gdowningi2
652,rchasieri3@sun.com,Oj83yYWh2A,wstutteri3
653,rhowgegoi4@columbia.edu,F1qm8B9,oswatheridgei4
654,hjelfi5@w3.org,E1jFoMdrp3,dpirrii5
655,lpinnocki6@wiley.com,thBOqflBZrao,dpenninii6
656,ijagelsi7@boston.com,ifidDh,sjosselsoni7
657,fnevilli8@nasa.gov,w3wLiPINYs6u,jjerami8
658,akrieri9@ycombinator.com,OuBpFb,jvearsi9
659,scastelletia@etsy.com,DxogFhCzhWBx,wbolgaria
660,fleffekib@house.gov,bIyh3admZ,dmataninib
661,qlutheric@hp.com,PRqvzf4,kdowsingic
662,pdriversid@amazon.co.uk,jaiNxR,mcorbertid
663,bvedenichevie@wordpress.org,5pCCxbFU,mpuddinie
664,mmoynihanif@amazonaws.com,ow8rBXu2R,dwoodstockif
665,cmcdonaghig@simplemachines.org,MUb4ATdRm,bjeskinig
666,jfantoneih@cnn.com,xHYWc5WxsqKe,gyokelih
667,dboutcherii@hubpages.com,bahfnpYtKjN,vcureii
668,kmatterisij@1688.com,CKlLSx,eburchattij
669,hcolbourneik@xrea.com,uLgHPznwO8S1,cmaudsleyik
670,rrookil@omniture.com,oCXVnhGCMfZ,tpittemil
671,jdunkerleyim@disqus.com,SL3E0LY,lkoppim
672,lbrilonin@cisco.com,AKjqt4,dsachnoin
673,bbarrowio@shutterfly.com,fPSLyLft,msibthorpeio
674,glenoirip@boston.com,GZ41BGW,elamballip
675,stallyniq@hubpages.com,x9DAm2Znp8X,fchazelleiq
676,htibbsir@blogspot.com,07rc0FS7F,dcaneteir
677,sjeaffersonis@technorati.com,N0BHjJ0T1,bganforthis
678,mleacyit@oakley.com,uflvrVZhl,hantillit
679,ccobbeiu@huffingtonpost.com,sv5ndL,kagiolfingeriu
680,sbosenceiv@answers.com,VwdrJeEk,lnisbetiv
681,xgrzelczykiw@creativecommons.org,NpyxQhNH,tospellisseyiw
682,ckeffordix@kickstarter.com,pKNzc9Cs7cP,uansettix
683,kroughiy@sciencedaily.com,C77r3xJqhZxh,mbauckhamiy
684,sbehaniz@naver.com,GINw9f,jgeffeniz
685,ndymockj0@sourceforge.net,YSWzhn4d,ccadwellj0
686,spettkoj1@elpais.com,LTK1QOmCvKvJ,tgiroldij1
687,lwittkej2@woothemes.com,9vNachfP,nlearmountj2
688,bmalamorej3@sitemeter.com,tZEErNvj9,ehickinbottomj3
689,crickertj4@theguardian.com,LWhRsUaWWP3,cbeslierj4
690,hchardinj5@usatoday.com,xZK8K0N,crogerj5
691,kgillattj6@mozilla.com,9OCAFm1,jpendleberryj6
692,sberrowj7@spiegel.de,llPEnnriKo,jhauggj7
693,ecouchaj8@imgur.com,8ImpRBQKT,ncoxhellj8
694,cpittawayj9@odnoklassniki.ru,Nzmb5KIzg,gkinmanj9
695,lrenja@shop-pro.jp,cT61GRtFz,dmackenzieja
696,snaperjb@usa.gov,jGJ4zqCoXC4,lbrisjb
697,sbaultjc@fastcompany.com,IoR7hbSU,zsmileyjc
698,mdimblebeejd@usnews.com,a5xyec,cgeikiejd
699,aomolanje@globo.com,CrykzjT0cv,ldelacoteje
700,mskellornejf@usda.gov,VftZgwNP4P,bduminijf
701,fbinnionjg@webnode.com,cBJzgo09ws,mpedrocchijg
702,aisaacsjh@mac.com,pLnsY4lQFnq,agisbeyjh
703,dkobaji@t.co,vUT9ZA,gtunnahji
704,dmichallatjj@sohu.com,MWnAsL,bkiltiejj
705,cosmanjk@fc2.com,bx7PjD4HR0n,ecripsjk
706,asnasselljl@typepad.com,A9yu5JJwHO,hbrunellijl
707,epetticrewjm@bizjournals.com,WBtBNI,fivakhinjm
708,aduddlejn@mashable.com,N6roj5,ewadejn
709,rosgarjo@intel.com,2Ambizi,jdaintreyjo
710,rharewoodjp@engadget.com,OXUhtGWkODP,gpattemorejp
711,vpelchatjq@engadget.com,rezgvtee0,bsimionatojq
712,nbransgrovejr@newsvine.com,i8UqOFWPF,rmuressjr
713,mcalverjs@blog.com,Ew6vrZWYDLU,amacneishjs
714,abiertonjt@freewebs.com,e9vtBJKTQOx,ccomellinijt
715,lschubertju@4shared.com,C9tlLdZQZM,asommerfeldju
716,zspinksjv@earthlink.net,9uPy2SM,dbannisterjv
717,tgaylejw@cisco.com,WYjkquKxMp,vrendlejw
718,bgraalmansjx@miibeian.gov.cn,3BLrRDRjc6,vliepinajx
719,msteanjy@ucla.edu,PDSHovpf,jfranciolijy
720,gkibblejz@ocn.ne.jp,qgPy2Ma25eYD,thatzarjz
721,zchallicek0@e-recht24.de,qKWDLpwVgFPl,scotgravek0
722,aragbournk1@tmall.com,jgv2RrV62gX,bcasolk1
723,rboicek2@wiley.com,VOZfkpSb6,yramstedk2
724,nbuttek3@admin.ch,4bGAZW,ncombenk3
725,jcullyk4@chicagotribune.com,VQBZStDF,pcourtmank4
726,ttoppk5@hc360.com,9DtBHNp9,fsowdenk5
727,ejermink6@upenn.edu,68HnNaWD7GD0,hdrohank6
728,cmaltbyk7@mashable.com,JiLPjnRsT,swardhawk7
729,mdorningk8@icio.us,hLwhgK,ggauchek8
730,bmolineauxk9@shutterfly.com,csJBZj,kfarrank9
731,spobjoyka@yolasite.com,b9OKiAfPG7,jcoverleyka
732,cducarnekb@wordpress.org,NA3xh9NROR,cyakovlivkb
733,wpetrovickc@seesaa.net,dAbTAJur,slidstonekc
734,wdorinkd@taobao.com,AFxQei,babsolonkd
735,ckindellke@odnoklassniki.ru,rg93xKDZsCH,mclampinke
736,ssatekf@51.la,xXnxZ6vTEmI,atitteringtonkf
737,boagkg@mtv.com,pJSoWZdNzD2t,rbelvinkg
738,icrinsonkh@free.fr,wJK431,eleefekh
739,bpawdenki@com.com,pvsuyKGHia9W,csaldlerki
740,mjerdankj@bloglines.com,71LEZWfJ,zthebeskj
741,bwarrenerkk@admin.ch,F6hXeXect,mlacasekk
742,ldunbavinkl@dagondesign.com,207jsUN,cdrowsfieldkl
743,pkenankm@amazon.com,RfGj3XS,mdykaskm
744,sriordankn@1688.com,LFlnbhhq,jhaizeldenkn
745,schaineyko@soundcloud.com,wWzAsgucN,bdraycottko
746,bbendigkp@census.gov,nFaiyBmun,sdannellkp
747,abombkq@sourceforge.net,t72OFTV3gJ,rhowleskq
748,dchasemoorekr@npr.org,Ic0dCOt4GT,vstedallkr
749,nkeaysellks@hugedomains.com,J6Sxk6O0O6,jpigeramks
750,dlanderkt@about.me,HR55BHpL2W,dmonikerkt
751,lgabbatku@4shared.com,2qLMiT78zf,htillotku
752,eengelbrechtkv@blog.com,I6X3UrTkH52,vspurkv
753,kstellekw@ycombinator.com,3vMULb,rhaddrellkw
754,ccassekx@jigsy.com,x2bKK3d94lD,fhalsekx
755,mbodmanky@tuttocitta.it,K3L8M7U,ljamotky
756,clemmanbiekz@adobe.com,KxnWS1RZZ8w,skerwickkz
757,agraall0@hibu.com,miQSNT1DJ,jautiel0
758,pdelahayl1@theguardian.com,qM9gTKdaz,mpurringtonl1
759,nbootmanl2@elpais.com,EMTBA2LdISOD,zjackl2
760,hzemlerl3@amazon.co.uk,5rUeQTOY4Ko,gesliel3
761,fskirvingl4@multiply.com,EOhCSflPY,tchansonnaul4
762,slutwidgel5@php.net,TuhmqFQ,cbrewertonl5
763,zlopel6@columbia.edu,rKkl4gLpfZJc,bmilwardl6
764,kspiritl7@ox.ac.uk,nBDO7T,dgosnolll7
765,aposselll8@usnews.com,TjXJF7,gagiolfingerl8
766,kbrounel9@blogspot.com,he3PqXuPjwhm,sharmel9
767,apollockla@gmpg.org,VJqizHA,scroyla
768,gbabingtonlb@nasa.gov,49EdZ6EnJR,dbecerillb
769,jdursleylc@php.net,m9H9cls,mhurrelllc
770,smaloneld@pen.io,oSBlf2pSuqum,cmckinnald
771,kwinkellle@google.co.jp,cyimOYm21W,ndennerleyle
772,tdulsonlf@trellian.com,WUncpO,pblibenlf
773,sthamslg@cloudflare.com,JYzrgEKvy,elashamlg
774,lscinilh@meetup.com,srnSkokcndVX,mfearnsidelh
775,jwaslingli@reverbnation.com,n33Zptp8,sloverockli
776,mmclardielj@jiathis.com,167QFt,dmackiesonlj
777,ldraycottlk@ucsd.edu,bE7qN5t7pUHm,kfindonlk
778,krosingdallll@storify.com,RPZtN4n,tpictonll
779,sstuttardlm@artisteer.com,OVIYpdJhCcD,ebardaylm
780,irushmanln@webs.com,VuRTDlB7z1go,rmishowln
781,abudniklo@craigslist.org,oMT7C8,sbirdalllo
782,wcallowaylp@networksolutions.com,6pNzVBqZZ7,dwermerlinglp
783,lcurzonlq@topsy.com,5yTOTRgr,bdanelutlq
784,vmartusewiczlr@wisc.edu,j1H9Llk,aearwickerlr
785,amathelinls@sbwire.com,LqLCUz,ybarckels
786,sbelfordlt@japanpost.jp,mDpcTnMH7hBh,vsurgisonlt
787,sfardylu@weather.com,D4cj9Tlk,zkirckmanlu
788,rongelv@edublogs.org,J6pLefwszTo0,lgiffkinslv
789,yjansenlw@yellowbook.com,OO31RGg6,bneavelw
790,dshowllx@people.com.cn,nhGs0kSiDJ,mtutchingslx
791,jflindallly@bing.com,3xu3sZp,cfogelly
792,cnussenlz@joomla.org,IRytu8O,vfilipiaklz
793,orandm0@i2i.jp,QY2DeP,kbrandhamm0
794,rbaniardm1@umn.edu,Xypjy9,ljanczykm1
795,ddelacotem2@sogou.com,3RQs5lqwD,grhulem2
796,acassamm3@sfgate.com,E6xGLigUShl,cfrentzm3
797,fpalleskem4@disqus.com,dgNmvG4Hh,ekirkupm4
798,iroofm5@latimes.com,4fNJGf2b,wbrettorm5
799,aberthomieum6@earthlink.net,1kiPNez,mpixtonm6
800,bswattenm7@printfriendly.com,CgAdhXc7,jiwanczykm7
801,edenisyukm8@bravesites.com,HHIsF01s,klisettm8
802,emorlm9@mediafire.com,2iVSDcC68g,wwillgrassm9
803,rbraggintonma@histats.com,wcPrSqMe2RY,tchesselma
804,dhousegomb@histats.com,R1R6cQ,hferentzmb
805,mclovermc@webmd.com,uJOGkcu,lfickenmc
806,esnelmanmd@cafepress.com,GId1P597tS4,glebrunmd
807,droughme@ucla.edu,fTOjk0HUNfNH,vlucame
808,kkeelymf@twitpic.com,ZuMqRX,bdanshinmf
809,ddeandisiemg@ezinearticles.com,aCoAIW93Ay,bbainmg
810,owagenmh@ibm.com,ONWLE8tg,nsandcroftmh
811,jgrafhommi@tripadvisor.com,1Ds4gC,pgladstonemi
812,mdaenmj@163.com,BPdEF8bVVb68,fferencowiczmj
813,grobbinsmk@t-online.de,dDiq59PaIUPh,istiggermk
814,pcolvieml@netvibes.com,OobucwMobc,tnapthineml
815,bmurdenmm@huffingtonpost.com,dmi3hF6,sshellardmm
816,blorencemn@dropbox.com,kfuulS,rshootermn
817,chousemanmo@technorati.com,XPT2Dp2pBwxT,nspowartmo
818,mhammerstonemp@google.pl,bFwFyIQ8f,hcalderonmp
819,lshrievesmq@etsy.com,PytUPK1XT9z,achaffynmq
820,dfessionsmr@sohu.com,mKIH6OL,htaberermr
821,fskirvinms@icq.com,CmT699pdgI,hhinerms
822,jbritlandmt@mediafire.com,ZQe6ZBh99,sonionmt
823,amatthewsmu@flickr.com,pdpWmdG,dvarvellmu
824,oredgrovemv@canalblog.com,UHGO2Hz4y,nelderbrantmv
825,schristenemw@chicagotribune.com,qfDy70Fw,danstymw
826,ebillammx@dropbox.com,9fqj76IT88,bvasilyevskimx
827,lrymourmy@archive.org,M6SE52yu2LN,scopingmy
828,tsperrymz@sciencedirect.com,Ocbnj9fE,esimonninmz
829,iboydan0@miibeian.gov.cn,W7X5BtxTJCN,gkleinplatzn0
830,tallsupn1@tripadvisor.com,YT91yesPkBGZ,pjennickn1
831,rwhymann2@zimbio.com,E0omAsvxSK,rdovidaitisn2
832,dbristoen3@bizjournals.com,J9TO1f,rbettlestonen3
833,jembyn4@artisteer.com,YenUBdnt,ydelasallen4
834,pcouthardn5@diigo.com,xGdBJ3F,celloyn5
835,jtudhopen6@constantcontact.com,JBJ8Mvo,beveriln6
836,sbirkbyn7@shareasale.com,qSk7Jh,bbordesn7
837,slittletonn8@fema.gov,4RGZIdtggJ0,rbilamn8
838,nstonnern9@cdbaby.com,NIvrv0If,lmakenn9
839,rbrainna@1688.com,cn5qAi65gP,jbromena
840,dshercliffnb@comsenz.com,e5j4mJsK8Cx6,eraymentnb
841,mdyballnc@nationalgeographic.com,O6shwt,mwardellnc
842,vpadkinnd@artisteer.com,Jlc4NJ27k,ttrembeynd
843,wtapsellne@people.com.cn,GKFSqE,cgiovanazzine
844,cberthnf@blinklist.com,QV03C1z1O,dbormannf
845,mhoysng@statcounter.com,VAgVBvXEfO9w,jwithamsng
846,bpriernh@latimes.com,rOZisFsNj,fbeacocknh
847,vlewcockni@eventbrite.com,LZ6brzDpIWZ,bditchni
848,iskipperbottomnj@comsenz.com,2PFuDelg,fbowernj
849,mciccettink@sciencedirect.com,EMpt6xbm,sdeboicknk
850,lmourtonnl@nytimes.com,y0wB4k7L,bmurisonnl
851,mschimoneknm@patch.com,omjYEZGjqoZ,rdaxnm
852,ylennoxnn@prnewswire.com,2zJWezQCg,sbeethamnn
853,paspellno@vkontakte.ru,Y54TE7P,jclaitonno
854,hvernaynp@jiathis.com,OeWdWHIC5hQk,gfaynenp
855,rpideonnq@hc360.com,4igTHnr7WrI,ledwardnq
856,afifenr@surveymonkey.com,MnnOCuEf,rglencorsenr
857,ylangcastlens@histats.com,X5kAoJ9sV,lkemmishns
858,kemmetnt@amazon.co.uk,EuuBgsYl,lstauntonnt
859,ccollopnu@diigo.com,L4JXisF,ecanetenu
860,sredernv@icio.us,xIuDZq,iasquithnv
861,ulugsdinnw@plala.or.jp,z7uAQxdwitH,dsangarnw
862,lhedgeleynx@alibaba.com,x5TI8m,jnancenx
863,kjepsonny@yelp.com,VmGiaiagfbUg,tpidcockny
864,fdurienz@hhs.gov,Dp5yDzswWOaR,kmaccaheynz
865,tstutteo0@whitehouse.gov,urLuZRhd,ineillanso0
866,kcappelo1@de.vu,Jg5XYeZYOGQB,dlemarchanto1
867,ssterno2@wikispaces.com,dgeHxcUwC,xdobrovskyo2
868,muniono3@altervista.org,Ge6MvrG2Q0,kmccullumo3
869,lollieo4@economist.com,QQyOFW0eyTEU,lboatrighto4
870,kgatlingo5@fema.gov,MfkYGq,bliverseegeo5
871,kwinpennyo6@lulu.com,ZtijaT,naharonio6
872,nlilleyo7@blogspot.com,BIqo8ikpX,slatimero7
873,sewbacho8@nationalgeographic.com,tSiOoIYm5cUi,spabsto8
874,holennikovo9@sciencedaily.com,WqUq3P,dwildmano9
875,dselcraigoa@harvard.edu,lOwo7g,ceglinoa
876,djudsonob@noaa.gov,cI4CSrOHlf3U,amitfordob
877,driedeloc@hexun.com,NosGuJCV77,apargentoc
878,gpovallod@bluehost.com,wREuPrN,alanfereod
879,tcovelyoe@apple.com,lc2jRdO,soreaganoe
880,ddunningof@princeton.edu,iTovAuG,anewbeginof
881,cablewhiteog@e-recht24.de,JWUS3Q,skyngdonog
882,cperfectoh@blog.com,iCw53v,omcgennoh
883,twanderschekoi@goo.ne.jp,T57qHewAWr,nburkhilloi
884,gmeeksoj@jigsy.com,XONr01PtwUgs,nwoolesoj
885,mblakerok@baidu.com,dtUvm4Kw,adibbok
886,adrakesol@51.la,rhzkxoAJ7YU,epottleol
887,fdominiqueom@nbcnews.com,co1Yld,yharewoodom
888,hissacovon@prlog.org,54NnXZU,dforseithon
889,mharnettoo@virginia.edu,hZVVWuwArwmG,ggobelloo
890,tallakerop@newsvine.com,eqD4GdYSRjr,mpasticznykop
891,rpurvesoq@reddit.com,GN5jEu5,mcluettoq
892,dgausonor@newyorker.com,N0SGzcSuU,crattenberieor
893,chamelynos@slate.com,r6xhTuW,rguesteos
894,cmoodieot@yellowpages.com,hryR023G,mwannopot
895,ggonthardou@epa.gov,iQkCUOuXf,azoppieou
896,ltivolierov@yahoo.co.jp,UZgscO,odesforgesov
897,bkymeow@drupal.org,MtRxugKp,ctustinow
898,jbrambellox@webnode.com,fQhFAYL5kZb,kemmisonox
899,atesimonoy@google.ru,fYnzkQHoMV,elivockoy
900,adochonoz@weebly.com,Z2XuIOU0,kstockleoz
901,giacofop0@example.com,v64Tgt,ddavauxp0
902,cgallamorep1@wix.com,92PFLdrI5,gheinep1
903,nlaugharnep2@businessweek.com,gvujiuP4CtmU,ajarvisp2
904,nspearmanp3@apple.com,WDVBgFS9k8,lwogdonp3
905,rupchurchp4@archive.org,UHRB0dYlY,idewintonp4
906,wawinp5@samsung.com,ooVC4OLL0hmL,tpallasp5
907,ckopischp6@soup.io,rwUX1J0mH,wbroseniusp6
908,dthistletonp7@flickr.com,TaEcuwLX4w,fwhyattp7
909,mhunnicotp8@parallels.com,KKf1ttgujw6,acoombsp8
910,ldrooganp9@fda.gov,e9iV8NazYSRr,askasep9
911,sanderschpa@last.fm,N0I08n,hologanpa
912,relphpb@webmd.com,frO657Uy,rdionispb
913,vlattkapc@jigsy.com,FOJ3y90Rx,hedmundspc
914,boakebypd@cpanel.net,a8FXKlY,wgiblinpd
915,mgyenespe@yahoo.com,KKVBKkKcCHBS,ceaglenpe
916,ralenikovpf@linkedin.com,zFq9BoO,egrosspf
917,clotheanpg@census.gov,2zXUlvDswW,bvandenoordpg
918,aiacobettoph@sogou.com,HVdU2FDV,tgrinsteadph
919,dceriepi@marketwatch.com,OF5Zzhd1A,jalelsandrovichpi
920,edykaspj@lycos.com,Jyt31o6D,ddelphpj
921,wdellabbatepk@soundcloud.com,4xGTbNsf,iloadsmanpk
922,lburburypl@issuu.com,lQxl3kC1yi,blysonspl
923,lablewhitepm@ning.com,wwFsJcnwm8g,dpennazzipm
924,ichitsonpn@usda.gov,vDpr2Ne,mdebruynpn
925,mgeggpo@narod.ru,2y5ykmd,flillopo
926,rdilrewpp@themeforest.net,F8huDKz3,jbesnardeaupp
927,lpurcerpq@time.com,c0tnFsitFUyI,preisenbergpq
928,igloypr@g.co,2kZgYVwf,jantoinetpr
929,alongfieldps@apple.com,xaRz2ozyhQEk,cbolusps
930,cpetleypt@gnu.org,DcUEsEo,amclanachanpt
931,cfarreilpu@dropbox.com,JGJoScfYzh,mrollasonpu
932,lfearnillpv@indiatimes.com,KU1cdjxSk66a,sdoucettepv
933,mboolerpw@amazon.com,d4JaNaph,htottiepw
934,salvinpx@tamu.edu,djxRkr8oAv,amcgeaneypx
935,msexpy@psu.edu,jHPn1Z,wbaynespy
936,bsoigouxpz@china.com.cn,yqPyEIp1,wromkepz
937,mgabbidonq0@amazon.co.jp,ylIlIQSUnC1,wsmurfittq0
938,bkirkebyeq1@rediff.com,wkAZJxKln97,mdefreyneq1
939,alakendenq2@technorati.com,fpl3udM7H0MI,cyardq2
940,fmordenq3@mysql.com,p0ZNsiPIV0XX,lmannevilleq3
941,mhiscocksq4@jimdo.com,7JwT9sQrisd,gcantillionq4
942,ihalmkinq5@salon.com,lFrnUMdjgT,rbeazeyq5
943,amansonq6@nps.gov,Tdd2JcMn0,wbaildonq6
944,kfeldbrinq7@istockphoto.com,myxZvN,cpetzoltq7
945,amionq8@jalbum.net,DFuYymX,kdedantesieq8
946,awinmillq9@dagondesign.com,W6ix5DBV,mgrigolettiq9
947,hdiggesqa@ezinearticles.com,FfJ95qC,sgerdesqa
948,gbottelstoneqb@php.net,0HC8wYKG3Li,kcomberbeachqb
949,mwhitingtonqc@soundcloud.com,PmYnG1Z,cdeleekqc
950,igatusqd@360.cn,dl2Gd7,skhosaqd
951,bchurchinqe@blogtalkradio.com,hOmr9a,gcoverlyqe
952,glohanqf@issuu.com,6lMtaCU5aEF5,mlatterqf
953,fnutbeamqg@boston.com,ZFIIMQWwKok,bmanaghqg
954,tkuhneqh@alexa.com,E8Uikh,bskulletqh
955,mpelmanqi@cnbc.com,lNCjYJ9rKgB,jlebarreqi
956,cgalleqj@exblog.jp,9XNUS5Ec,jsollemeqj
957,twhatfordqk@hubpages.com,29srKA4C,bbilesqk
958,clancetterql@multiply.com,RAtXpELXS,tasmusql
959,jclarksonqm@hc360.com,BRVhPymzkWF,pstalmanqm
960,gandriulisqn@jiathis.com,lTtmrv1u27r,tgamlinqn
961,gbleueqo@mayoclinic.com,tXaNwQe7,ccordeixqo
962,nlongridgeqp@ovh.net,yqqkmm,stignerqp
963,kfurstqq@go.com,01rj3tU,scrankeqq
964,sharlockqr@simplemachines.org,aq5VAv5ku,ibotrightqr
965,fgiffqs@soundcloud.com,TyA1xNbVTJXc,lhancockqs
966,cchaddertonqt@artisteer.com,Z7dX2O7,lresunqt
967,aagneauqu@studiopress.com,l5Nf4pdG,obulmanqu
968,dwoodbridgeqv@bing.com,vGg0DBR3AN,wforreqv
969,cidelqw@google.it,Xi7wzDpWsy,awakeqw
970,ncampbelldunlopqx@163.com,deKf2YjwwFle,ssargersonqx
971,jmcgrannqy@soup.io,BQJBWJT,emcmurtyqy
972,ffuzzardqz@php.net,Kph2Sz,hreynishqz
973,sthirwellr0@addtoany.com,f90mEhqI8,ctounr0
974,avotierr1@myspace.com,YueoIVB,rboarderr1
975,ftoveyr2@mozilla.com,mOUwkFv,mbambrar2
976,udealeyr3@skype.com,uCMh9meFfayY,cgrahamr3
977,tgarforthr4@uiuc.edu,BpCRoK1gUZSh,aburchillr4
978,hmacpadener5@flickr.com,AiKN1juI9clu,jbreadonr5
979,yfirmanr6@clickbank.net,zRJimg,abiggsr6
980,bbrimilcomer7@sphinn.com,4j7oMtPtf,bpulequer7
981,askunesr8@google.es,5J0UzBvOgB,dthowr8
982,ofaltinr9@blinklist.com,6wji8pLFH31,leilerr9
983,nkaplinra@nydailynews.com,nkOVXoy2,rsichardtra
984,rmeadrb@accuweather.com,pxbpOHI,nflattrb
985,lthomassinrc@mail.ru,UgE5wYaet,arusselrc
986,kfarneyrd@altervista.org,CaR0H0ad,tblakesleerd
987,oryriere@miitbeian.gov.cn,RUmpGcFozuT,clastere
988,elongrf@usda.gov,KyJMULB6SjA,njohananoffrf
989,bcoomberg@t-online.de,WjHrYU58,folennanerg
990,wchominskirh@boston.com,WpPFcTdpH,cffrenchrh
991,ahalpeineri@europa.eu,d2WHjG,rgateri
992,cbehneckenrj@unc.edu,2lqFrAe,bglazyerrj
993,cpedronirk@devhub.com,xx0px1A4y,kmandryrk
994,llassellsrl@indiegogo.com,RLvhKduato,amahareyrl
995,rdallinrm@1688.com,vjsLl0c,acandierm
996,shackinrn@xinhuanet.com,u88CrHzJk2K,ayonniern
997,ddavidmanro@free.fr,MPw8Cuh8gB,apyrtonro
998,sberridgerp@go.com,H0FUn44kBRzI,mtancockrp
999,fsweenyrq@princeton.edu,jKHmbx,cvizorrq
1000,ssanchizrr@state.gov,a4mGfNn4MPR,abennerrr
